{"nodes":{"0":{"th":0,"x":1.6000000000000014,"y":2},"1":{"th":0,"x":0.5500000000000007,"y":2.3500000000000014},"2":{"th":0,"x":0.8000000000000007,"y":3.5},"3":{"th":0,"x":2.1500000000000004,"y":3.4000000000000004},"4":{"th":0,"x":2.8500000000000014,"y":2.0500000000000007},"5":{"th":0,"x":3.8000000000000007,"y":2.8500000000000014},"6":{"th":0,"x":5.15,"y":2.4000000000000004},"7":{"th":0,"x":5.200000000000001,"y":0.6000000000000014},"8":{"th":0,"x":3.4000000000000004,"y":0.7000000000000011},"9":{"th":0,"x":4,"y":-0.09999999999999964},"10":{"th":0,"x":4.200000000000001,"y":-0.8499999999999996},"11":{"th":0,"x":5.4,"y":-1.049999999999999},"12":{"th":0,"x":4.350000000000001,"y":-2.75},"13":{"th":0,"x":4.050000000000001,"y":-1.1999999999999993},"14":{"th":0,"x":3.1500000000000004,"y":-0.09999999999999964},"15":{"th":0,"x":2.0500000000000007,"y":0.8000000000000007},"16":{"th":0,"x":0.3500000000000014,"y":0.9000000000000004},"17":{"th":0,"x":-0.7999999999999989,"y":-0.25},"18":{"th":0,"x":-0.5,"y":-1.1500000000000004},"19":{"th":0,"x":0.75,"y":-0.1999999999999993},"20":{"th":0,"x":2,"y":0}},"edges":{}}