{
   "regions":{
      "shelf-corner":{
         "origin":[
            -1.549999999999999,
            1.6500015258789062
         ],
         "dimension":16,
         "resolution":0.271875
      },
      "desktop-corner":{
         "origin":[
            2.6500000000000004,
            0.20000152587890696
         ],
         "dimension":16,
         "resolution":0.24687499999999996
      },
      "table-area":{
         "origin":[
            2.5,
            -3.8999984741210936
         ],
         "dimension":16,
         "resolution":0.2250000000000001
      },
      "whiteboard-area":{
         "origin":[
            -2.05,
            -1.999998474121094
         ],
         "dimension":16,
         "resolution":0.26562500000000006
      }
   }
}
